{
    "start": {
        "connected": [
            {
                "socket": 5,
                "local_host": "192.168.1.24",
                "local_port": 39613,
                "remote_host": "192.168.1.24",
                "remote_port": 5202
            }
        ],
        "version": "iperf 3.7",
        "system_info": "Linux arthur-desktop 5.4.0-153-generic #170-Ubuntu SMP Fri Jun 16 13:43:31 UTC 2023 x86_64",
        "timestamp": {
            "time": "Sat, 01 Jul 2023 17:36:55 GMT",
            "timesecs": 1688233015
        },
        "connecting_to": {
            "host": "192.168.1.24",
            "port": 5202
        },
        "cookie": "zcmcs77vttzzixaguqy7uzsfhawqwkksn55b",
        "sock_bufsize": 0,
        "sndbuf_actual": 212992,
        "rcvbuf_actual": 212992,
        "test_start": {
            "protocol": "UDP",
            "num_streams": 1,
            "blksize": 32768,
            "omit": 0,
            "duration": 10,
            "bytes": 0,
            "blocks": 0,
            "reverse": 0,
            "tos": 0
        }
    },
    "intervals": [
        {
            "streams": [
                {
                    "socket": 5,
                    "start": 0,
                    "end": 1.000061,
                    "seconds": 1.00006103515625,
                    "bytes": 11239424,
                    "bits_per_second": 89909904.3349405,
                    "packets": 343,
                    "omitted": false,
                    "sender": true
                }
            ],
            "sum": {
                "start": 0,
                "end": 1.000061,
                "seconds": 1.00006103515625,
                "bytes": 11239424,
                "bits_per_second": 89909904.3349405,
                "packets": 343,
                "omitted": false,
                "sender": true
            }
        },
        {
            "streams": [
                {
                    "socket": 5,
                    "start": 1.000061,
                    "end": 2.000062,
                    "seconds": 1.0000009536743164,
                    "bytes": 11272192,
                    "bits_per_second": 90177450.000082016,
                    "packets": 344,
                    "omitted": false,
                    "sender": true
                }
            ],
            "sum": {
                "start": 1.000061,
                "end": 2.000062,
                "seconds": 1.0000009536743164,
                "bytes": 11272192,
                "bits_per_second": 90177450.000082016,
                "packets": 344,
                "omitted": false,
                "sender": true
            }
        },
        {
            "streams": [
                {
                    "socket": 5,
                    "start": 2.000062,
                    "end": 3.000063,
                    "seconds": 1.0000009536743164,
                    "bytes": 11239424,
                    "bits_per_second": 89915306.250081778,
                    "packets": 343,
                    "omitted": false,
                    "sender": true
                }
            ],
            "sum": {
                "start": 2.000062,
                "end": 3.000063,
                "seconds": 1.0000009536743164,
                "bytes": 11239424,
                "bits_per_second": 89915306.250081778,
                "packets": 343,
                "omitted": false,
                "sender": true
            }
        },
        {
            "streams": [
                {
                    "socket": 5,
                    "start": 3.000063,
                    "end": 4.000059,
                    "seconds": 0.9999960064888,
                    "bytes": 11239424,
                    "bits_per_second": 89915751.079558983,
                    "packets": 343,
                    "omitted": false,
                    "sender": true
                }
            ],
            "sum": {
                "start": 3.000063,
                "end": 4.000059,
                "seconds": 0.9999960064888,
                "bytes": 11239424,
                "bits_per_second": 89915751.079558983,
                "packets": 343,
                "omitted": false,
                "sender": true
            }
        },
        {
            "streams": [
                {
                    "socket": 5,
                    "start": 4.000059,
                    "end": 5.00006,
                    "seconds": 1.0000009536743164,
                    "bytes": 11272192,
                    "bits_per_second": 90177450.000082016,
                    "packets": 344,
                    "omitted": false,
                    "sender": true
                }
            ],
            "sum": {
                "start": 4.000059,
                "end": 5.00006,
                "seconds": 1.0000009536743164,
                "bytes": 11272192,
                "bits_per_second": 90177450.000082016,
                "packets": 344,
                "omitted": false,
                "sender": true
            }
        },
        {
            "streams": [
                {
                    "socket": 5,
                    "start": 5.00006,
                    "end": 6.000058,
                    "seconds": 0.99999797344207764,
                    "bytes": 11239424,
                    "bits_per_second": 89915574.219119281,
                    "packets": 343,
                    "omitted": false,
                    "sender": true
                }
            ],
            "sum": {
                "start": 5.00006,
                "end": 6.000058,
                "seconds": 0.99999797344207764,
                "bytes": 11239424,
                "bits_per_second": 89915574.219119281,
                "packets": 343,
                "omitted": false,
                "sender": true
            }
        },
        {
            "streams": [
                {
                    "socket": 5,
                    "start": 6.000058,
                    "end": 7.000062,
                    "seconds": 1.0000040531158447,
                    "bytes": 11239424,
                    "bits_per_second": 89915027.5639771,
                    "packets": 343,
                    "omitted": false,
                    "sender": true
                }
            ],
            "sum": {
                "start": 6.000058,
                "end": 7.000062,
                "seconds": 1.0000040531158447,
                "bytes": 11239424,
                "bits_per_second": 89915027.5639771,
                "packets": 343,
                "omitted": false,
                "sender": true
            }
        },
        {
            "streams": [
                {
                    "socket": 5,
                    "start": 7.000062,
                    "end": 8.000062,
                    "seconds": 1,
                    "bytes": 11272192,
                    "bits_per_second": 90177536,
                    "packets": 344,
                    "omitted": false,
                    "sender": true
                }
            ],
            "sum": {
                "start": 7.000062,
                "end": 8.000062,
                "seconds": 1,
                "bytes": 11272192,
                "bits_per_second": 90177536,
                "packets": 344,
                "omitted": false,
                "sender": true
            }
        },
        {
            "streams": [
                {
                    "socket": 5,
                    "start": 8.000062,
                    "end": 9.000062,
                    "seconds": 1,
                    "bytes": 11239424,
                    "bits_per_second": 89915392,
                    "packets": 343,
                    "omitted": false,
                    "sender": true
                }
            ],
            "sum": {
                "start": 8.000062,
                "end": 9.000062,
                "seconds": 1,
                "bytes": 11239424,