{
"start":	{
"connected":	[{
"socket":	5,
"local_host":	"192.168.1.24",
"local_port":	51006,
"remote_host":	"192.168.1.24",
"remote_port":	5201
}],
"version":	"iperf 3.7",
"system_info":	"Linux arthur-desktop 5.4.0-153-generic #170-Ubuntu SMP Fri Jun 16 13:43:31 UTC 2023 x86_64",
"timestamp":	{
"time":	"Sat, 01 Jul 2023 17:35:17 GMT",
"timesecs":	1688232917
},
"connecting_to":	{
"host":	"192.168.1.24",
"port":	5201
},
"cookie":	"kghoqeuf64hnwn2w3w6p7xc4co4yq5pxjkwy",
"tcp_mss_default":	32768,
"sock_bufsize":	0,
"sndbuf_actual":	16384,
"rcvbuf_actual":	131072,
"test_start":	{
"protocol":	"TCP",
"num_streams":	1,
"blksize":	131072,
"omit":	0,
"duration":	20,
"bytes":	0,
"blocks":	0,
"reverse":	0,
"tos":	0
}
},
"intervals":	[{
"streams":	[{
"socket":	5,
"start":	0,
"end":	1.0002,
"seconds":	1.0002000331878662,
"bytes":	4938792960,
"bits_per_second":	39502441880.622116,
"retransmits":	0,
"snd_cwnd":	3339633,
"rtt":	29,
"rttvar":	6,
"pmtu":	65535,
"omitted":	false,
"sender":	true
}],
"sum":	{
"start":	0,
"end":	1.0002,
"seconds":	1.0002000331878662,
"bytes":	4938792960,
"bits_per_second":	39502441880.622116,
"retransmits":	0,
"omitted":	false,
"sender":	true
}
}, {
"streams":	[{
"socket":	5,
"start":	1.0002,
"end":	2.000064,
"seconds":	0.99986398220062256,
"bytes":	4512808960,
"bits_per_second":	36107382926.766975,
"retransmits":	0,
"snd_cwnd":	3339633,
"rtt":	27,
"rttvar":	4,
"pmtu":	65535,
"omitted":	false,
"sender":	true
}],
"sum":	{
"start":	1.0002,
"end":	2.000064,
"seconds":	0.99986398220062256,
"bytes":	4512808960,
"bits_per_second":	36107382926.766975,
"retransmits":	0,
"omitted":	false,
"sender":	true
}
}, {
"streams":	[{
"socket":	5,
"start":	2.000064,
"end":	3.00012,
"seconds":	1.0000560283660889,
"bytes":	4957143040,
"bits_per_second":	39654922519.483856,
"retransmits":	0,
"snd_cwnd":	3339633,
"rtt":	40,
"rttvar":	4,
"pmtu":	65535,
"omitted":	false,
"sender":	true
}],
"sum":	{
"start":	2.000064,
"end":	3.00012,
"seconds":	1.0000560283660889,
"bytes":	4957143040,
"bits_per_second":	39654922519.483856,
"retransmits":	0,
"omitted":	false,
"sender":	true
}
}, {
"streams":	[{
"socket":	5,
"start":	3.00012,
"end":	4.000184,
"seconds":	1.0000640153884888,
"bytes":	5046272000,
"bits_per_second":	40367591852.925179,
"retransmits":	0,
"snd_cwnd":	3339633,
"rtt":	43,
"rttvar":	8,
"pmtu":	65535,
"omitted":	false,
"sender":	true
}],
"sum":	{
"start":	3.00012,
"end":	4.000184,
"seconds":	1.0000640153884888,
"bytes":	5046272000,
"bits_per_second":	40367591852.925179,
"retransmits":	0,
"omitted":	false,
"sender":	true
}
}, {
"streams":	[{
"socket":	5,
"start":	4.000184,
"end":	5.00006,
"seconds":	0.99987602233886719,
"bytes":	4980736000,
"bits_per_second":	39850828612.525589,
"retransmits":	0,
"snd_cwnd":	3339633,
"rtt":	40,
"rttvar":	5,
"pmtu":	65535,
"omitted":	false,
"sender":	true
}],
"sum":	{
"start":	4.000184,
"end":	5.00006,
"seconds":	0.99987602233886719,
"bytes":	4980736000,
"bits_per_second":	39850828612.525589,
"retransmits":	0,
"omitted":	false,
"sender":	true
}
}, {
"streams":	[{
"socket":	5,
"start":	5.00006,
"end":	6.000022,
"seconds":	0.9999619722366333,
"bytes":	4734320640,
"bits_per_second":	37876005459.7729,
"retransmits":	0,
"snd_cwnd":	3339633,
"rtt":	38,
"rttvar":	0,
"pmtu":	65535,
"omitted":	false,
"sender":	true
}],
"sum":	{
"start":	5.00006,
"end":	6.000022,
"seconds":	0.9999619722366333,
"bytes":	4734320640,
"bits_per_second":	37876005459.7729,
"retransmits":	0,
"omitted":	false,
"sender":	true
}
}, {
"streams":	[{
"socket":	5,
"start":	6.000022,
"end":	7.000223,
"seconds":	1.0002009868621826,
"bytes":	5035786240,
"bits_per_second":	40278194532.06662,
"retransmits":	0,
"snd_cwnd":	3339633,
"rtt":	41,
"rttvar":	6,
"pmtu":	65535,
"omitted":	false,
"sender":	true
}],
"sum":	{
"start":	6.000022,
"end":	7.000223,
"seconds":	1.0002009868621826,
"bytes":	5035786240,
"bits_per_second":	40278194532.06662,
"retransmits":	0,
"omitted":	false,
"sender":	true
}
}, {
"streams":	[{
"socket":	5,
"start":	7.000223,
"end":	8.000138,
"seconds":	0.99991500377655029,
"bytes":	5131468800,
"bits_per_second":	41055239940.347748,
"retransmits":	0,
"snd_cwnd":	3339633,
"rtt":	35,
"rttvar":	8,
"pmtu":	65535,
"omitted":	false,
"sender":	true
}],
"sum":	{
"start":	7.000223,
"end":	8.000138,
"seconds":	0.99991500377655029,
"bytes":	5131468800,
"bits_per_second":	41055239940.347748,
"retransmits":	0,
"omitted":	false,
"sender":	true
}
}, {
"streams":	[{
"socket":	5,
"start":	8.000138,
"end":	9.000171,
"seconds":	1.0000330209732056,
"bytes":	5153751040,
"bits_per_second":	41228646909.955086,
"retransmits":	0,
"snd_cwnd":	3339633,
"rtt":	37,
"rttvar":	7,
"pmtu":	65535,
"omitted":	false,
"sender":	true
}],
"sum":	{
"start":	8.000138,
"end":	9.000171,
"seconds":	1.0000330209732056,
"bytes":	5153751040,
"bits_per_second":	41228646909.955086,
"retransmits":	0,
"omitted":	false,
"sender":	true
}
}, {
"streams":	[{
"socket":	5,
"start":	9.000171,
"end":	10.000176,
"seconds":	1.0000050067901611,
"bytes":	5042339840,
"bits_per_second":	40338516753.511208,
"retransmits":	0,
"snd_cwnd":	3339633,
"rtt":	42,
"rttvar":	6,
"pmtu":	65535,
"omitted":	false,
"sender":	true
}],
"sum":	{
"start":	9.000171,
"end":	10.000176,
"seconds":	1.0000050067901611,
"bytes":	5042339840,
"bits_per_second":	40338516753.511208,
"retransmits":	0,
"omitted":	false,
"sender":	true
}
}, {
"streams":	[{
"socket":	5,
"start":	10.000176,
"end":	11.000036,
"seconds":	0.99985998868942261,
"bytes":	4955832320,
"bits_per_second":	39652210317.933907,
"retransmits":	0,
"snd_cwnd":	3339633,
"rtt":	40,
"rttvar":	3,
"pmtu":	65535,
"omitted":	false,
"sender":	true
}],
"sum":	{
"start":	10.000176,
"end":	11.000036,
"seconds":	0.99985998868942261,
"bytes":	4955832320,
"bits_per_second":	39652210317.933907,
"retransmits":	0,
"omitted":	false,
"sender":	true
}
}, {
"streams":	[{
"socket":	5,
"start":	11.000036,
"end":	12.000005,
"seconds":	0.9999690055847168,
"bytes":	5013504000,
"bits_per_second":	40109275163.531128,
"retransmits":	0,
"snd_cwnd":	3339633,
"rtt":	43,
"rttvar":	6,
"pmtu":	65535,
"omitted":	false,
"sender":	true
}],
"sum":	{
"start":	11.000036,
"end":	12.000005,
"seconds":	0.9999690055847168,
"bytes":	5013504000,
"bits_per_second":	40109275163.531128,
"retransmits":	0,
"omitted":	false,
"sender":	true
}
}, {
"streams":	[{
"socket":	5,
"start":	12.000005,
"end":	13.000033,
"seconds":	1.0000280141830444,
"bytes":	4757913600,
"bits_per_second":	38062242517.37104,
"retransmits":	0,
"snd_cwnd":	3339633,
"rtt":	40,
"rttvar":	3,
"pmtu":	65535,
"omitted":	false,
"sender":	true
}],
"sum":	{
"start":	12.000005,
"end":	13.000033,
"seconds":	1.0000280141830444,
"bytes":	4757913600,
"bits_per_second":	38062242517.37104,
"retransmits":	0,
"omitted":	false,
"sender":	true
}
}, {
"streams":	[{
"socket":	5,
"start":	13.000033,
"end":	14.000131,
"seconds":	1.0000979900360107,
"bytes":	5063311360,
"bits_per_second":	40502522036.407127,
"retransmits":	0,
"snd_cwnd":	3339633,
"rtt":	41,
"rttvar":	10,
"pmtu":	65535,
"omitted":	false,
"sender":	true
}],
"sum":	{
"start":	13.000033,
"end":	14.000131,
"seconds":	1.0000979900360107,
"bytes":	5063311360,
"bits_per_second":	40502522036.407127,
"retransmits":	0,
"omitted":	false,
"sender":	true
}
}, {
"streams":	[{
"socket":	5,
"start":	14.000131,
"end":	15.0002,
"seconds":	1.00006902217865,
"bytes":	5077729280,
"bits_per_second":	40619030626.011543,
"retransmits":	0,
"snd_cwnd":	3339633,
"rtt":	39,
"rttvar":	7,
"pmtu":	65535,
"omitted":	false,
"sender":	true
}],
"sum":	{
"start":	14.000131,
"end":	15.0002,
"seconds":	1.00006902217865,
"bytes":	5077729280,
"bits_per_second":	40619030626.011543,
"retransmits":	0,
"omitted":	false,
"sender":	true
}
}, {
"streams":	[{
"socket":	5,
"start":	15.0002,
"end":	16.000137,
"seconds":	0.99993699789047241,
"bytes":	5025300480,
"bits_per_second":	40204936835.834084,
"retransmits":	0,
"snd_cwnd":	3339633,
"rtt":	40,
"rttvar":	5,
"pmtu":	65535,
"omitted":	false,
"sender":	true
}],
"sum":	{
"start":	15.0002,
"end":	16.000137,